<?xml version="1.0" ?>
<FlowMonitor>
  <FlowStats>
    <Flow flowId="1" timeFirstTxPacket="+2000000000.0ns" timeFirstRxPacket="+2006437999.0ns" timeLastTxPacket="+62049910852.0ns" timeLastRxPacket="+62050088185.0ns" delaySum="+6858053008812.0ns" jitterSum="+57005510200.0ns" lastDelay="+177333.0ns" txBytes="160274584" rxBytes="160274584" txPackets="135545" rxPackets="135545" lostPackets="0" timesForwarded="0">
      <delayHistogram nBins="80" >
        <bin index="0" start="0" width="0.001" count="2" />
        <bin index="2" start="0.002" width="0.001" count="3" />
        <bin index="3" start="0.003" width="0.001" count="1" />
        <bin index="4" start="0.004" width="0.001" count="3" />
        <bin index="5" start="0.005" width="0.001" count="1" />
        <bin index="6" start="0.006" width="0.001" count="3" />
        <bin index="7" start="0.007" width="0.001" count="3" />
        <bin index="8" start="0.008" width="0.001" count="1" />
        <bin index="9" start="0.009" width="0.001" count="3" />
        <bin index="10" start="0.01" width="0.001" count="9" />
        <bin index="11" start="0.011" width="0.001" count="12" />
        <bin index="12" start="0.012" width="0.001" count="7" />
        <bin index="13" start="0.013" width="0.001" count="14" />
        <bin index="14" start="0.014" width="0.001" count="8" />
        <bin index="15" start="0.015" width="0.001" count="9" />
        <bin index="16" start="0.016" width="0.001" count="5" />
        <bin index="17" start="0.017" width="0.001" count="11" />
        <bin index="18" start="0.018" width="0.001" count="8" />
        <bin index="19" start="0.019" width="0.001" count="6" />
        <bin index="20" start="0.02" width="0.001" count="3" />
        <bin index="21" start="0.021" width="0.001" count="10" />
        <bin index="22" start="0.022" width="0.001" count="7" />
        <bin index="23" start="0.023" width="0.001" count="7" />
        <bin index="24" start="0.024" width="0.001" count="9" />
        <bin index="25" start="0.025" width="0.001" count="8" />
        <bin index="26" start="0.026" width="0.001" count="7" />
        <bin index="27" start="0.027" width="0.001" count="5" />
        <bin index="28" start="0.028" width="0.001" count="10" />
        <bin index="29" start="0.029" width="0.001" count="12" />
        <bin index="30" start="0.03" width="0.001" count="6" />
        <bin index="31" start="0.031" width="0.001" count="12" />
        <bin index="32" start="0.032" width="0.001" count="5" />
        <bin index="33" start="0.033" width="0.001" count="6" />
        <bin index="34" start="0.034" width="0.001" count="6" />
        <bin index="35" start="0.035" width="0.001" count="5" />
        <bin index="36" start="0.036" width="0.001" count="8" />
        <bin index="37" start="0.037" width="0.001" count="6" />
        <bin index="38" start="0.038" width="0.001" count="10" />
        <bin index="39" start="0.039" width="0.001" count="11" />
        <bin index="40" start="0.04" width="0.001" count="6" />
        <bin index="41" start="0.041" width="0.001" count="9" />
        <bin index="42" start="0.042" width="0.001" count="13" />
        <bin index="43" start="0.043" width="0.001" count="29" />
        <bin index="44" start="0.044" width="0.001" count="30" />
        <bin index="45" start="0.045" width="0.001" count="56" />
        <bin index="46" start="0.046" width="0.001" count="594" />
        <bin index="47" start="0.047" width="0.001" count="5886" />
        <bin index="48" start="0.048" width="0.001" count="21694" />
        <bin index="49" start="0.049" width="0.001" count="36686" />
        <bin index="50" start="0.05" width="0.001" count="32480" />
        <bin index="51" start="0.051" width="0.001" count="17772" />
        <bin index="52" start="0.052" width="0.001" count="6907" />
        <bin index="53" start="0.053" width="0.001" count="3079" />
        <bin index="54" start="0.054" width="0.001" count="2230" />
        <bin index="55" start="0.055" width="0.001" count="1521" />
        <bin index="56" start="0.056" width="0.001" count="1259" />
        <bin index="57" start="0.057" width="0.001" count="1037" />
        <bin index="58" start="0.058" width="0.001" count="765" />
        <bin index="59" start="0.059" width="0.001" count="667" />
        <bin index="60" start="0.06" width="0.001" count="487" />
        <bin index="61" start="0.061" width="0.001" count="418" />
        <bin index="62" start="0.062" width="0.001" count="270" />
        <bin index="63" start="0.063" width="0.001" count="244" />
        <bin index="64" start="0.064" width="0.001" count="208" />
        <bin index="65" start="0.065" width="0.001" count="168" />
        <bin index="66" start="0.066" width="0.001" count="129" />
        <bin index="67" start="0.067" width="0.001" count="119" />
        <bin index="68" start="0.068" width="0.001" count="98" />
        <bin index="69" start="0.069" width="0.001" count="49" />
        <bin index="70" start="0.07" width="0.001" count="44" />
        <bin index="71" start="0.071" width="0.001" count="55" />
        <bin index="72" start="0.072" width="0.001" count="61" />
        <bin index="73" start="0.073" width="0.001" count="39" />
        <bin index="74" start="0.074" width="0.001" count="45" />
        <bin index="75" start="0.075" width="0.001" count="36" />
        <bin index="76" start="0.076" width="0.001" count="46" />
        <bin index="77" start="0.077" width="0.001" count="26" />
        <bin index="78" start="0.078" width="0.001" count="19" />
        <bin index="79" start="0.079" width="0.001" count="2" />
      </delayHistogram>
      <jitterHistogram nBins="50" >
        <bin index="0" start="0" width="0.001" count="129489" />
        <bin index="1" start="0.001" width="0.001" count="5590" />
        <bin index="2" start="0.002" width="0.001" count="372" />
        <bin index="3" start="0.003" width="0.001" count="60" />
        <bin index="4" start="0.004" width="0.001" count="18" />
        <bin index="5" start="0.005" width="0.001" count="7" />
        <bin index="6" start="0.006" width="0.001" count="5" />
        <bin index="7" start="0.007" width="0.001" count="1" />
        <bin index="10" start="0.01" width="0.001" count="1" />
        <bin index="49" start="0.049" width="0.001" count="1" />
      </jitterHistogram>
      <packetSizeHistogram nBins="73" >
        <bin index="2" start="40" width="20" count="4" />
        <bin index="9" start="180" width="20" count="12816" />
        <bin index="16" start="320" width="20" count="22" />
        <bin index="24" start="480" width="20" count="1" />
        <bin index="35" start="700" width="20" count="13981" />
        <bin index="60" start="1200" width="20" count="40801" />
        <bin index="72" start="1440" width="20" count="67920" />
      </packetSizeHistogram>
      <flowInterruptionsHistogram nBins="0" >
      </flowInterruptionsHistogram>
    </Flow>
    <Flow flowId="2" timeFirstTxPacket="+2006437999.0ns" timeFirstRxPacket="+2014866998.0ns" timeLastTxPacket="+62049733519.0ns" timeLastRxPacket="+62049910852.0ns" delaySum="+31864111391.0ns" jitterSum="+20981709510.0ns" lastDelay="+177333.0ns" txBytes="3524200" rxBytes="3524200" txPackets="67773" rxPackets="67773" lostPackets="0" timesForwarded="0">
      <delayHistogram nBins="11" >
        <bin index="0" start="0" width="0.001" count="62051" />
        <bin index="1" start="0.001" width="0.001" count="5005" />
        <bin index="2" start="0.002" width="0.001" count="488" />
        <bin index="3" start="0.003" width="0.001" count="139" />
        <bin index="4" start="0.004" width="0.001" count="43" />
        <bin index="5" start="0.005" width="0.001" count="21" />
        <bin index="6" start="0.006" width="0.001" count="11" />
        <bin index="7" start="0.007" width="0.001" count="9" />
        <bin index="8" start="0.008" width="0.001" count="3" />
        <bin index="9" start="0.009" width="0.001" count="2" />
        <bin index="10" start="0.01" width="0.001" count="1" />
      </delayHistogram>
      <jitterHistogram nBins="11" >
        <bin index="0" start="0" width="0.001" count="65894" />
        <bin index="1" start="0.001" width="0.001" count="1673" />
        <bin index="2" start="0.002" width="0.001" count="151" />
        <bin index="3" start="0.003" width="0.001" count="36" />
        <bin index="4" start="0.004" width="0.001" count="8" />
        <bin index="5" start="0.005" width="0.001" count="5" />
        <bin index="6" start="0.006" width="0.001" count="2" />
        <bin index="7" start="0.007" width="0.001" count="1" />
        <bin index="8" start="0.008" width="0.001" count="1" />
        <bin index="10" start="0.01" width="0.001" count="1" />
      </jitterHistogram>
      <packetSizeHistogram nBins="3" >
        <bin index="2" start="40" width="20" count="67773" />
      </packetSizeHistogram>
      <flowInterruptionsHistogram nBins="0" >
      </flowInterruptionsHistogram>
    </Flow>
  </FlowStats>
  <Ipv4FlowClassifier>
    <Flow flowId="2" sourceAddress="10.0.0.1" destinationAddress="10.0.0.2" protocol="6" sourcePort="9" destinationPort="49153" />
    <Flow flowId="1" sourceAddress="10.0.0.2" destinationAddress="10.0.0.1" protocol="6" sourcePort="49153" destinationPort="9" />
  </Ipv4FlowClassifier>
  <Ipv6FlowClassifier>
  </Ipv6FlowClassifier>
  <FlowProbes>
    <FlowProbe index="0">
      <FlowStats  flowId="1" packets="135545" bytes="160274584" delayFromFirstProbeSum="+6858053008812.0ns" >
      </FlowStats>
      <FlowStats  flowId="2" packets="67773" bytes="3524200" delayFromFirstProbeSum="+0.0ns" >
      </FlowStats>
    </FlowProbe>
    <FlowProbe index="1">
    </FlowProbe>
    <FlowProbe index="2">
      <FlowStats  flowId="1" packets="135545" bytes="160274584" delayFromFirstProbeSum="+0.0ns" >
      </FlowStats>
      <FlowStats  flowId="2" packets="67773" bytes="3524200" delayFromFirstProbeSum="+31864111391.0ns" >
      </FlowStats>
    </FlowProbe>
    <FlowProbe index="3">
    </FlowProbe>
  </FlowProbes>
</FlowMonitor>
