<?xml version="1.0" ?>
<FlowMonitor>
  <FlowStats>
    <Flow flowId="1" timeFirstTxPacket="+2000000000.0ns" timeFirstRxPacket="+2006437999.0ns" timeLastTxPacket="+62052643627.0ns" timeLastRxPacket="+62052757960.0ns" delaySum="+6855810095551.0ns" jitterSum="+58064589764.0ns" lastDelay="+114333.0ns" txBytes="154258608" rxBytes="154258608" txPackets="130455" rxPackets="130455" lostPackets="0" timesForwarded="0">
      <delayHistogram nBins="81" >
        <bin index="0" start="0" width="0.001" count="2" />
        <bin index="2" start="0.002" width="0.001" count="3" />
        <bin index="3" start="0.003" width="0.001" count="1" />
        <bin index="4" start="0.004" width="0.001" count="3" />
        <bin index="5" start="0.005" width="0.001" count="1" />
        <bin index="6" start="0.006" width="0.001" count="3" />
        <bin index="7" start="0.007" width="0.001" count="3" />
        <bin index="8" start="0.008" width="0.001" count="1" />
        <bin index="9" start="0.009" width="0.001" count="3" />
        <bin index="10" start="0.01" width="0.001" count="9" />
        <bin index="11" start="0.011" width="0.001" count="11" />
        <bin index="12" start="0.012" width="0.001" count="5" />
        <bin index="13" start="0.013" width="0.001" count="12" />
        <bin index="14" start="0.014" width="0.001" count="9" />
        <bin index="15" start="0.015" width="0.001" count="11" />
        <bin index="16" start="0.016" width="0.001" count="7" />
        <bin index="17" start="0.017" width="0.001" count="11" />
        <bin index="18" start="0.018" width="0.001" count="5" />
        <bin index="19" start="0.019" width="0.001" count="7" />
        <bin index="20" start="0.02" width="0.001" count="5" />
        <bin index="21" start="0.021" width="0.001" count="10" />
        <bin index="22" start="0.022" width="0.001" count="6" />
        <bin index="23" start="0.023" width="0.001" count="7" />
        <bin index="24" start="0.024" width="0.001" count="8" />
        <bin index="25" start="0.025" width="0.001" count="9" />
        <bin index="26" start="0.026" width="0.001" count="6" />
        <bin index="27" start="0.027" width="0.001" count="4" />
        <bin index="28" start="0.028" width="0.001" count="12" />
        <bin index="29" start="0.029" width="0.001" count="10" />
        <bin index="30" start="0.03" width="0.001" count="7" />
        <bin index="31" start="0.031" width="0.001" count="14" />
        <bin index="32" start="0.032" width="0.001" count="5" />
        <bin index="33" start="0.033" width="0.001" count="6" />
        <bin index="34" start="0.034" width="0.001" count="6" />
        <bin index="35" start="0.035" width="0.001" count="5" />
        <bin index="36" start="0.036" width="0.001" count="8" />
        <bin index="37" start="0.037" width="0.001" count="6" />
        <bin index="38" start="0.038" width="0.001" count="10" />
        <bin index="39" start="0.039" width="0.001" count="11" />
        <bin index="40" start="0.04" width="0.001" count="6" />
        <bin index="41" start="0.041" width="0.001" count="9" />
        <bin index="42" start="0.042" width="0.001" count="14" />
        <bin index="43" start="0.043" width="0.001" count="29" />
        <bin index="44" start="0.044" width="0.001" count="24" />
        <bin index="45" start="0.045" width="0.001" count="33" />
        <bin index="46" start="0.046" width="0.001" count="76" />
        <bin index="47" start="0.047" width="0.001" count="205" />
        <bin index="48" start="0.048" width="0.001" count="1480" />
        <bin index="49" start="0.049" width="0.001" count="8323" />
        <bin index="50" start="0.05" width="0.001" count="22251" />
        <bin index="51" start="0.051" width="0.001" count="31593" />
        <bin index="52" start="0.052" width="0.001" count="26262" />
        <bin index="53" start="0.053" width="0.001" count="15483" />
        <bin index="54" start="0.054" width="0.001" count="8143" />
        <bin index="55" start="0.055" width="0.001" count="4938" />
        <bin index="56" start="0.056" width="0.001" count="3174" />
        <bin index="57" start="0.057" width="0.001" count="2407" />
        <bin index="58" start="0.058" width="0.001" count="1788" />
        <bin index="59" start="0.059" width="0.001" count="1055" />
        <bin index="60" start="0.06" width="0.001" count="786" />
        <bin index="61" start="0.061" width="0.001" count="481" />
        <bin index="62" start="0.062" width="0.001" count="318" />
        <bin index="63" start="0.063" width="0.001" count="291" />
        <bin index="64" start="0.064" width="0.001" count="164" />
        <bin index="65" start="0.065" width="0.001" count="113" />
        <bin index="66" start="0.066" width="0.001" count="118" />
        <bin index="67" start="0.067" width="0.001" count="60" />
        <bin index="68" start="0.068" width="0.001" count="73" />
        <bin index="69" start="0.069" width="0.001" count="69" />
        <bin index="70" start="0.07" width="0.001" count="46" />
        <bin index="71" start="0.071" width="0.001" count="69" />
        <bin index="72" start="0.072" width="0.001" count="68" />
        <bin index="73" start="0.073" width="0.001" count="53" />
        <bin index="74" start="0.074" width="0.001" count="40" />
        <bin index="75" start="0.075" width="0.001" count="24" />
        <bin index="76" start="0.076" width="0.001" count="47" />
        <bin index="77" start="0.077" width="0.001" count="34" />
        <bin index="78" start="0.078" width="0.001" count="22" />
        <bin index="79" start="0.079" width="0.001" count="18" />
        <bin index="80" start="0.08" width="0.001" count="6" />
      </delayHistogram>
      <jitterHistogram nBins="53" >
        <bin index="0" start="0" width="0.001" count="122898" />
        <bin index="1" start="0.001" width="0.001" count="6823" />
        <bin index="2" start="0.002" width="0.001" count="572" />
        <bin index="3" start="0.003" width="0.001" count="99" />
        <bin index="4" start="0.004" width="0.001" count="35" />
        <bin index="5" start="0.005" width="0.001" count="9" />
        <bin index="6" start="0.006" width="0.001" count="11" />
        <bin index="7" start="0.007" width="0.001" count="2" />
        <bin index="8" start="0.008" width="0.001" count="3" />
        <bin index="13" start="0.013" width="0.001" count="1" />
        <bin index="52" start="0.052" width="0.001" count="1" />
      </jitterHistogram>
      <packetSizeHistogram nBins="73" >
        <bin index="2" start="40" width="20" count="4" />
        <bin index="9" start="180" width="20" count="12333" />
        <bin index="16" start="320" width="20" count="22" />
        <bin index="24" start="480" width="20" count="1" />
        <bin index="35" start="700" width="20" count="13455" />
        <bin index="60" start="1200" width="20" count="39265" />
        <bin index="72" start="1440" width="20" count="65375" />
      </packetSizeHistogram>
      <flowInterruptionsHistogram nBins="0" >
      </flowInterruptionsHistogram>
    </Flow>
    <Flow flowId="2" timeFirstTxPacket="+2006437999.0ns" timeFirstRxPacket="+2011866998.0ns" timeLastTxPacket="+62052412294.0ns" timeLastRxPacket="+62052643627.0ns" delaySum="+33118280558.0ns" jitterSum="+21862857286.0ns" lastDelay="+231333.0ns" txBytes="3391860" rxBytes="3391860" txPackets="65228" rxPackets="65228" lostPackets="0" timesForwarded="0">
      <delayHistogram nBins="15" >
        <bin index="0" start="0" width="0.001" count="58431" />
        <bin index="1" start="0.001" width="0.001" count="5676" />
        <bin index="2" start="0.002" width="0.001" count="739" />
        <bin index="3" start="0.003" width="0.001" count="205" />
        <bin index="4" start="0.004" width="0.001" count="83" />
        <bin index="5" start="0.005" width="0.001" count="38" />
        <bin index="6" start="0.006" width="0.001" count="20" />
        <bin index="7" start="0.007" width="0.001" count="9" />
        <bin index="8" start="0.008" width="0.001" count="11" />
        <bin index="9" start="0.009" width="0.001" count="5" />
        <bin index="10" start="0.01" width="0.001" count="3" />
        <bin index="11" start="0.011" width="0.001" count="5" />
        <bin index="12" start="0.012" width="0.001" count="1" />
        <bin index="13" start="0.013" width="0.001" count="1" />
        <bin index="14" start="0.014" width="0.001" count="1" />
      </delayHistogram>
      <jitterHistogram nBins="15" >
        <bin index="0" start="0" width="0.001" count="62757" />
        <bin index="1" start="0.001" width="0.001" count="2130" />
        <bin index="2" start="0.002" width="0.001" count="256" />
        <bin index="3" start="0.003" width="0.001" count="47" />
        <bin index="4" start="0.004" width="0.001" count="18" />
        <bin index="5" start="0.005" width="0.001" count="10" />
        <bin index="6" start="0.006" width="0.001" count="4" />
        <bin index="7" start="0.007" width="0.001" count="2" />
        <bin index="8" start="0.008" width="0.001" count="2" />
        <bin index="14" start="0.014" width="0.001" count="1" />
      </jitterHistogram>
      <packetSizeHistogram nBins="3" >
        <bin index="2" start="40" width="20" count="65228" />
      </packetSizeHistogram>
      <flowInterruptionsHistogram nBins="0" >
      </flowInterruptionsHistogram>
    </Flow>
    <Flow flowId="3" timeFirstTxPacket="+2511199999.0ns" timeFirstRxPacket="+2516131469.0ns" timeLastTxPacket="+61994399956.0ns" timeLastRxPacket="+61994877722.0ns" delaySum="+4097467776.0ns" jitterSum="+3278176226.0ns" lastDelay="+477766.0ns" txBytes="7585536" rxBytes="7585536" txPackets="5312" rxPackets="5312" lostPackets="0" timesForwarded="0">
      <delayHistogram nBins="21" >
        <bin index="0" start="0" width="0.001" count="4124" />
        <bin index="1" start="0.001" width="0.001" count="910" />
        <bin index="2" start="0.002" width="0.001" count="200" />
        <bin index="3" start="0.003" width="0.001" count="36" />
        <bin index="4" start="0.004" width="0.001" count="26" />
        <bin index="5" start="0.005" width="0.001" count="9" />
        <bin index="7" start="0.007" width="0.001" count="1" />
        <bin index="9" start="0.009" width="0.001" count="2" />
        <bin index="10" start="0.01" width="0.001" count="2" />
        <bin index="11" start="0.011" width="0.001" count="1" />
        <bin index="20" start="0.02" width="0.001" count="1" />
      </delayHistogram>
      <jitterHistogram nBins="20" >
        <bin index="0" start="0" width="0.001" count="4404" />
        <bin index="1" start="0.001" width="0.001" count="657" />
        <bin index="2" start="0.002" width="0.001" count="151" />
        <bin index="3" start="0.003" width="0.001" count="55" />
        <bin index="4" start="0.004" width="0.001" count="24" />
        <bin index="5" start="0.005" width="0.001" count="7" />
        <bin index="6" start="0.006" width="0.001" count="2" />
        <bin index="7" start="0.007" width="0.001" count="1" />
        <bin index="8" start="0.008" width="0.001" count="2" />
        <bin index="9" start="0.009" width="0.001" count="4" />
        <bin index="10" start="0.01" width="0.001" count="3" />
        <bin index="19" start="0.019" width="0.001" count="1" />
      </jitterHistogram>
      <packetSizeHistogram nBins="72" >
        <bin index="71" start="1420" width="20" count="5312" />
      </packetSizeHistogram>
      <flowInterruptionsHistogram nBins="0" >
      </flowInterruptionsHistogram>
    </Flow>
  </FlowStats>
  <Ipv4FlowClassifier>
    <Flow flowId="2" sourceAddress="10.0.0.1" destinationAddress="10.0.0.2" protocol="6" sourcePort="9" destinationPort="49153" />
    <Flow flowId="1" sourceAddress="10.0.0.2" destinationAddress="10.0.0.1" protocol="6" sourcePort="49153" destinationPort="9" />
    <Flow flowId="3" sourceAddress="10.0.0.3" destinationAddress="10.0.0.1" protocol="17" sourcePort="49153" destinationPort="9" />
  </Ipv4FlowClassifier>
  <Ipv6FlowClassifier>
  </Ipv6FlowClassifier>
  <FlowProbes>
    <FlowProbe index="0">
      <FlowStats  flowId="1" packets="130455" bytes="154258608" delayFromFirstProbeSum="+6855810095551.0ns" >
      </FlowStats>
      <FlowStats  flowId="2" packets="65228" bytes="3391860" delayFromFirstProbeSum="+0.0ns" >
      </FlowStats>
      <FlowStats  flowId="3" packets="5312" bytes="7585536" delayFromFirstProbeSum="+4097467776.0ns" >
      </FlowStats>
    </FlowProbe>
    <FlowProbe index="1">
    </FlowProbe>
    <FlowProbe index="2">
      <FlowStats  flowId="1" packets="130455" bytes="154258608" delayFromFirstProbeSum="+0.0ns" >
      </FlowStats>
      <FlowStats  flowId="2" packets="65228" bytes="3391860" delayFromFirstProbeSum="+33118280558.0ns" >
      </FlowStats>
    </FlowProbe>
    <FlowProbe index="3">
    </FlowProbe>
    <FlowProbe index="4">
      <FlowStats  flowId="3" packets="5312" bytes="7585536" delayFromFirstProbeSum="+0.0ns" >
      </FlowStats>
    </FlowProbe>
    <FlowProbe index="5">
    </FlowProbe>
  </FlowProbes>
</FlowMonitor>
