<?xml version="1.0" ?>
<FlowMonitor>
  <FlowStats>
    <Flow flowId="1" timeFirstTxPacket="+2000000000.0ns" timeFirstRxPacket="+2007847996.0ns" timeLastTxPacket="+62037999702.0ns" timeLastRxPacket="+62038471034.0ns" delaySum="+3563151932315.0ns" jitterSum="+61491044654.0ns" lastDelay="+471332.0ns" txBytes="83068432" rxBytes="83068432" txPackets="70223" rxPackets="70223" lostPackets="0" timesForwarded="70223">
      <delayHistogram nBins="110" >
        <bin index="0" start="0" width="0.001" count="1" />
        <bin index="2" start="0.002" width="0.001" count="2" />
        <bin index="3" start="0.003" width="0.001" count="1" />
        <bin index="4" start="0.004" width="0.001" count="5" />
        <bin index="6" start="0.006" width="0.001" count="3" />
        <bin index="7" start="0.007" width="0.001" count="7" />
        <bin index="8" start="0.008" width="0.001" count="7" />
        <bin index="9" start="0.009" width="0.001" count="10" />
        <bin index="10" start="0.01" width="0.001" count="10" />
        <bin index="11" start="0.011" width="0.001" count="5" />
        <bin index="12" start="0.012" width="0.001" count="5" />
        <bin index="13" start="0.013" width="0.001" count="3" />
        <bin index="14" start="0.014" width="0.001" count="4" />
        <bin index="15" start="0.015" width="0.001" count="5" />
        <bin index="16" start="0.016" width="0.001" count="2" />
        <bin index="17" start="0.017" width="0.001" count="4" />
        <bin index="18" start="0.018" width="0.001" count="2" />
        <bin index="19" start="0.019" width="0.001" count="3" />
        <bin index="20" start="0.02" width="0.001" count="3" />
        <bin index="21" start="0.021" width="0.001" count="2" />
        <bin index="22" start="0.022" width="0.001" count="2" />
        <bin index="23" start="0.023" width="0.001" count="2" />
        <bin index="24" start="0.024" width="0.001" count="1" />
        <bin index="25" start="0.025" width="0.001" count="3" />
        <bin index="26" start="0.026" width="0.001" count="5" />
        <bin index="27" start="0.027" width="0.001" count="9" />
        <bin index="28" start="0.028" width="0.001" count="8" />
        <bin index="29" start="0.029" width="0.001" count="9" />
        <bin index="30" start="0.03" width="0.001" count="6" />
        <bin index="31" start="0.031" width="0.001" count="8" />
        <bin index="32" start="0.032" width="0.001" count="5" />
        <bin index="33" start="0.033" width="0.001" count="11" />
        <bin index="34" start="0.034" width="0.001" count="13" />
        <bin index="35" start="0.035" width="0.001" count="14" />
        <bin index="36" start="0.036" width="0.001" count="6" />
        <bin index="37" start="0.037" width="0.001" count="4" />
        <bin index="38" start="0.038" width="0.001" count="8" />
        <bin index="39" start="0.039" width="0.001" count="11" />
        <bin index="40" start="0.04" width="0.001" count="22" />
        <bin index="41" start="0.041" width="0.001" count="41" />
        <bin index="42" start="0.042" width="0.001" count="117" />
        <bin index="43" start="0.043" width="0.001" count="290" />
        <bin index="44" start="0.044" width="0.001" count="717" />
        <bin index="45" start="0.045" width="0.001" count="1626" />
        <bin index="46" start="0.046" width="0.001" count="4028" />
        <bin index="47" start="0.047" width="0.001" count="7495" />
        <bin index="48" start="0.048" width="0.001" count="10300" />
        <bin index="49" start="0.049" width="0.001" count="10641" />
        <bin index="50" start="0.05" width="0.001" count="8848" />
        <bin index="51" start="0.051" width="0.001" count="6692" />
        <bin index="52" start="0.052" width="0.001" count="4846" />
        <bin index="53" start="0.053" width="0.001" count="3722" />
        <bin index="54" start="0.054" width="0.001" count="2712" />
        <bin index="55" start="0.055" width="0.001" count="2118" />
        <bin index="56" start="0.056" width="0.001" count="1500" />
        <bin index="57" start="0.057" width="0.001" count="1098" />
        <bin index="58" start="0.058" width="0.001" count="829" />
        <bin index="59" start="0.059" width="0.001" count="583" />
        <bin index="60" start="0.06" width="0.001" count="418" />
        <bin index="61" start="0.061" width="0.001" count="270" />
        <bin index="62" start="0.062" width="0.001" count="215" />
        <bin index="63" start="0.063" width="0.001" count="140" />
        <bin index="64" start="0.064" width="0.001" count="116" />
        <bin index="65" start="0.065" width="0.001" count="79" />
        <bin index="66" start="0.066" width="0.001" count="58" />
        <bin index="67" start="0.067" width="0.001" count="55" />
        <bin index="68" start="0.068" width="0.001" count="47" />
        <bin index="69" start="0.069" width="0.001" count="30" />
        <bin index="70" start="0.07" width="0.001" count="20" />
        <bin index="71" start="0.071" width="0.001" count="16" />
        <bin index="72" start="0.072" width="0.001" count="25" />
        <bin index="73" start="0.073" width="0.001" count="10" />
        <bin index="74" start="0.074" width="0.001" count="9" />
        <bin index="75" start="0.075" width="0.001" count="5" />
        <bin index="76" start="0.076" width="0.001" count="15" />
        <bin index="77" start="0.077" width="0.001" count="9" />
        <bin index="78" start="0.078" width="0.001" count="5" />
        <bin index="79" start="0.079" width="0.001" count="6" />
        <bin index="80" start="0.08" width="0.001" count="6" />
        <bin index="81" start="0.081" width="0.001" count="7" />
        <bin index="82" start="0.082" width="0.001" count="6" />
        <bin index="83" start="0.083" width="0.001" count="5" />
        <bin index="84" start="0.084" width="0.001" count="3" />
        <bin index="85" start="0.085" width="0.001" count="7" />
        <bin index="86" start="0.086" width="0.001" count="5" />
        <bin index="87" start="0.087" width="0.001" count="10" />
        <bin index="88" start="0.088" width="0.001" count="14" />
        <bin index="89" start="0.089" width="0.001" count="16" />
        <bin index="90" start="0.09" width="0.001" count="19" />
        <bin index="91" start="0.091" width="0.001" count="11" />
        <bin index="92" start="0.092" width="0.001" count="10" />
        <bin index="93" start="0.093" width="0.001" count="9" />
        <bin index="94" start="0.094" width="0.001" count="9" />
        <bin index="95" start="0.095" width="0.001" count="18" />
        <bin index="96" start="0.096" width="0.001" count="13" />
        <bin index="97" start="0.097" width="0.001" count="13" />
        <bin index="98" start="0.098" width="0.001" count="16" />
        <bin index="99" start="0.099" width="0.001" count="7" />
        <bin index="100" start="0.1" width="0.001" count="8" />
        <bin index="101" start="0.101" width="0.001" count="7" />
        <bin index="102" start="0.102" width="0.001" count="11" />
        <bin index="103" start="0.103" width="0.001" count="2" />
        <bin index="104" start="0.104" width="0.001" count="3" />
        <bin index="105" start="0.105" width="0.001" count="1" />
        <bin index="106" start="0.106" width="0.001" count="2" />
        <bin index="107" start="0.107" width="0.001" count="1" />
        <bin index="108" start="0.108" width="0.001" count="1" />
        <bin index="109" start="0.109" width="0.001" count="1" />
      </delayHistogram>
      <jitterHistogram nBins="33" >
        <bin index="0" start="0" width="0.001" count="48480" />
        <bin index="1" start="0.001" width="0.001" count="16293" />
        <bin index="2" start="0.002" width="0.001" count="3860" />
        <bin index="3" start="0.003" width="0.001" count="1078" />
        <bin index="4" start="0.004" width="0.001" count="344" />
        <bin index="5" start="0.005" width="0.001" count="100" />
        <bin index="6" start="0.006" width="0.001" count="38" />
        <bin index="7" start="0.007" width="0.001" count="14" />
        <bin index="8" start="0.008" width="0.001" count="7" />
        <bin index="9" start="0.009" width="0.001" count="2" />
        <bin index="10" start="0.01" width="0.001" count="2" />
        <bin index="11" start="0.011" width="0.001" count="1" />
        <bin index="12" start="0.012" width="0.001" count="1" />
        <bin index="13" start="0.013" width="0.001" count="1" />
        <bin index="32" start="0.032" width="0.001" count="1" />
      </jitterHistogram>
      <packetSizeHistogram nBins="73" >
        <bin index="2" start="40" width="20" count="4" />
        <bin index="9" start="180" width="20" count="6622" />
        <bin index="16" start="320" width="20" count="22" />
        <bin index="24" start="480" width="20" count="1" />
        <bin index="35" start="700" width="20" count="7223" />
        <bin index="60" start="1200" width="20" count="21092" />
        <bin index="72" start="1440" width="20" count="35259" />
      </packetSizeHistogram>
      <flowInterruptionsHistogram nBins="0" >
      </flowInterruptionsHistogram>
    </Flow>
    <Flow flowId="2" timeFirstTxPacket="+2007847996.0ns" timeFirstRxPacket="+2015730992.0ns" timeLastTxPacket="+62032960070.0ns" timeLastRxPacket="+62037999702.0ns" delaySum="+1674673867730.0ns" jitterSum="+24296295472.0ns" lastDelay="+5039632.0ns" txBytes="1825828" rxBytes="1825828" txPackets="35112" rxPackets="35112" lostPackets="0" timesForwarded="35112">
      <delayHistogram nBins="59" >
        <bin index="0" start="0" width="0.001" count="2" />
        <bin index="1" start="0.001" width="0.001" count="2" />
        <bin index="2" start="0.002" width="0.001" count="11" />
        <bin index="3" start="0.003" width="0.001" count="2" />
        <bin index="4" start="0.004" width="0.001" count="4" />
        <bin index="5" start="0.005" width="0.001" count="9" />
        <bin index="6" start="0.006" width="0.001" count="18" />
        <bin index="7" start="0.007" width="0.001" count="10" />
        <bin index="8" start="0.008" width="0.001" count="5" />
        <bin index="9" start="0.009" width="0.001" count="7" />
        <bin index="10" start="0.01" width="0.001" count="9" />
        <bin index="11" start="0.011" width="0.001" count="15" />
        <bin index="12" start="0.012" width="0.001" count="12" />
        <bin index="13" start="0.013" width="0.001" count="9" />
        <bin index="14" start="0.014" width="0.001" count="4" />
        <bin index="15" start="0.015" width="0.001" count="5" />
        <bin index="16" start="0.016" width="0.001" count="5" />
        <bin index="17" start="0.017" width="0.001" count="7" />
        <bin index="18" start="0.018" width="0.001" count="5" />
        <bin index="19" start="0.019" width="0.001" count="12" />
        <bin index="20" start="0.02" width="0.001" count="12" />
        <bin index="21" start="0.021" width="0.001" count="6" />
        <bin index="22" start="0.022" width="0.001" count="9" />
        <bin index="23" start="0.023" width="0.001" count="8" />
        <bin index="24" start="0.024" width="0.001" count="5" />
        <bin index="25" start="0.025" width="0.001" count="8" />
        <bin index="26" start="0.026" width="0.001" count="13" />
        <bin index="27" start="0.027" width="0.001" count="7" />
        <bin index="28" start="0.028" width="0.001" count="11" />
        <bin index="29" start="0.029" width="0.001" count="8" />
        <bin index="30" start="0.03" width="0.001" count="8" />
        <bin index="31" start="0.031" width="0.001" count="11" />
        <bin index="32" start="0.032" width="0.001" count="8" />
        <bin index="33" start="0.033" width="0.001" count="9" />
        <bin index="34" start="0.034" width="0.001" count="18" />
        <bin index="35" start="0.035" width="0.001" count="23" />
        <bin index="36" start="0.036" width="0.001" count="20" />
        <bin index="37" start="0.037" width="0.001" count="23" />
        <bin index="38" start="0.038" width="0.001" count="24" />
        <bin index="39" start="0.039" width="0.001" count="33" />
        <bin index="40" start="0.04" width="0.001" count="58" />
        <bin index="41" start="0.041" width="0.001" count="150" />
        <bin index="42" start="0.042" width="0.001" count="320" />
        <bin index="43" start="0.043" width="0.001" count="575" />
        <bin index="44" start="0.044" width="0.001" count="1293" />
        <bin index="45" start="0.045" width="0.001" count="2935" />
        <bin index="46" start="0.046" width="0.001" count="5850" />
        <bin index="47" start="0.047" width="0.001" count="7838" />
        <bin index="48" start="0.048" width="0.001" count="6648" />
        <bin index="49" start="0.049" width="0.001" count="3924" />
        <bin index="50" start="0.05" width="0.001" count="1988" />
        <bin index="51" start="0.051" width="0.001" count="1177" />
        <bin index="52" start="0.052" width="0.001" count="741" />
        <bin index="53" start="0.053" width="0.001" count="551" />
        <bin index="54" start="0.054" width="0.001" count="316" />
        <bin index="55" start="0.055" width="0.001" count="208" />
        <bin index="56" start="0.056" width="0.001" count="76" />
        <bin index="57" start="0.057" width="0.001" count="34" />
        <bin index="58" start="0.058" width="0.001" count="13" />
      </delayHistogram>
      <jitterHistogram nBins="10" >
        <bin index="0" start="0" width="0.001" count="27229" />
        <bin index="1" start="0.001" width="0.001" count="6640" />
        <bin index="2" start="0.002" width="0.001" count="974" />
        <bin index="3" start="0.003" width="0.001" count="192" />
        <bin index="4" start="0.004" width="0.001" count="51" />
        <bin index="5" start="0.005" width="0.001" count="10" />
        <bin index="6" start="0.006" width="0.001" count="7" />
        <bin index="7" start="0.007" width="0.001" count="5" />
        <bin index="8" start="0.008" width="0.001" count="2" />
        <bin index="9" start="0.009" width="0.001" count="1" />
      </jitterHistogram>
      <packetSizeHistogram nBins="3" >
        <bin index="2" start="40" width="20" count="35112" />
      </packetSizeHistogram>
      <flowInterruptionsHistogram nBins="0" >
      </flowInterruptionsHistogram>
    </Flow>
  </FlowStats>
  <Ipv4FlowClassifier>
    <Flow flowId="2" sourceAddress="10.0.0.1" destinationAddress="10.0.0.3" protocol="6" sourcePort="9" destinationPort="49153" />
    <Flow flowId="1" sourceAddress="10.0.0.3" destinationAddress="10.0.0.1" protocol="6" sourcePort="49153" destinationPort="9" />
  </Ipv4FlowClassifier>
  <Ipv6FlowClassifier>
  </Ipv6FlowClassifier>
  <FlowProbes>
    <FlowProbe index="0">
      <FlowStats  flowId="1" packets="70223" bytes="83068432" delayFromFirstProbeSum="+3563151932315.0ns" >
      </FlowStats>
      <FlowStats  flowId="2" packets="35112" bytes="1825828" delayFromFirstProbeSum="+0.0ns" >
      </FlowStats>
    </FlowProbe>
    <FlowProbe index="1">
    </FlowProbe>
    <FlowProbe index="2">
      <FlowStats  flowId="1" packets="70223" bytes="83068432" delayFromFirstProbeSum="+246511985510.0ns" >
      </FlowStats>
      <FlowStats  flowId="2" packets="35112" bytes="1825828" delayFromFirstProbeSum="+26369631498.0ns" >
      </FlowStats>
    </FlowProbe>
    <FlowProbe index="3">
    </FlowProbe>
    <FlowProbe index="4">
      <FlowStats  flowId="1" packets="70223" bytes="83068432" delayFromFirstProbeSum="+0.0ns" >
      </FlowStats>
      <FlowStats  flowId="2" packets="35112" bytes="1825828" delayFromFirstProbeSum="+1674673867730.0ns" >
      </FlowStats>
    </FlowProbe>
    <FlowProbe index="5">
    </FlowProbe>
  </FlowProbes>
</FlowMonitor>
